index	2025	2030	2035	2040	2045	2050
Investeringsplan 1	xxx	xxx	xxx	xxx	xxx	xxx
Investeringsplan 2	xxx	xxx	xxx	xxx	xxx	xxx
Investeringsplan 3	xxx	xxx	xxx	xxx	xxx	xxx
Investeringsplan 4	xxx	xxx	xxx	xxx	xxx	xxx
Investeringsplan 5	xxx	xxx	xxx	xxx	xxx	xxx
Investeringsplan 6	xxx	xxx	xxx	xxx	xxx	xxx
Investeringsplan 7	xxx	xxx	xxx	xxx	xxx	xxx
Investeringsplan 8	xxx	xxx	xxx	xxx	xxx	xxx
Investeringsplan 9	xxx	xxx	xxx	xxx	xxx	xxx
Investeringsplan 10	xxx	xxx	xxx	xxx	xxx	xxx
Investeringsplan 11	xxx	xxx	xxx	xxx	xxx	xxx
Investeringsplan 12	xxx	xxx	xxx	xxx	xxx	xxx
Investeringsplan 13	xxx	xxx	xxx	xxx	xxx	xxx
Investeringsplan 14	xxx	xxx	xxx	xxx	xxx	xxx
Investeringsplan 15	xxx	xxx	xxx	xxx	xxx	xxx
Investeringsplan 16	xxx	xxx	xxx	xxx	xxx	xxx
Investeringsplan 17	xxx	xxx	xxx	xxx	xxx	xxx
Investeringsplan 18	xxx	xxx	xxx	xxx	xxx	xxx
Investeringsplan 19	xxx	xxx	xxx	xxx	xxx	xxx
Investeringsplan 20	xxx	xxx	xxx	xxx	xxx	xxx
Investeringsplan 21	xxx	xxx	xxx	xxx	xxx	xxx
Investeringsplan 22	xxx	xxx	xxx	xxx	xxx	xxx
Investeringsplan 23	xxx	xxx	xxx	xxx	xxx	xxx
Investeringsplan 24	xxx	xxx	xxx	xxx	xxx	xxx
Investeringsplan 25	xxx	xxx	xxx	xxx	xxx	xxx
Investeringsplan 26	xxx	xxx	xxx	xxx	xxx	xxx
Investeringsplan 27	xxx	xxx	xxx	xxx	xxx	xxx
Investeringsplan 28	xxx	xxx	xxx	xxx	xxx	xxx
Investeringsplan 29	xxx	xxx	xxx	xxx	xxx	xxx
Investeringsplan 30	xxx	xxx	xxx	xxx	xxx	xxx
Investeringsplan 31	xxx	xxx	xxx	xxx	xxx	xxx
Investeringsplan 32	xxx	xxx	xxx	xxx	xxx	xxx
Investeringsplan 33	xxx	xxx	xxx	xxx	xxx	xxx
Investeringsplan 34	xxx	xxx	xxx	xxx	xxx	xxx
Investeringsplan 35	xxx	xxx	xxx	xxx	xxx	xxx
Investeringsplan 36	xxx	xxx	xxx	xxx	xxx	xxx
Investeringsplan 37	xxx	xxx	xxx	xxx	xxx	xxx
Investeringsplan 38	xxx	xxx	xxx	xxx	xxx	xxx
Investeringsplan 39	xxx	xxx	xxx	xxx	xxx	xxx
